{
  "coming": [],
  "movieIds": [
    346629,
    1207959,
    1254277,
    1219454,
    1233255,
    246061,
    248172,
    1218727,
    1229019,
    1229781,
    337625,
    883196,
    1226516,
    1205775,
    345621,
    344328,
    1234382,
    1238891,
    1206829,
    342893,
    1279730,
    1217809,
    445609,
    1189894,
    1245589,
    1278409,
    1238775,
    1239281,
    1263097,
    1233852,
    1238976,
    1239544,
    1216142,
    1225975,
    887623,
    1211727,
    1167831,
    1228776,
    1261145,
    476263,
    672279,
    1216025,
    343366,
    344561,
    1277746,
    1208258,
    1212449,
    1248314,
    1215829,
    1212492,
    1280694,
    1189325,
    1251411,
    1281621,
    1230152,
    672379,
    1250717,
    1278398,
    1278397,
    1242431,
    1132555,
    1217448,
    1173906,
    1199337,
    1229918,
    1240859,
    1229055,
    1253952,
    1211412,
    1243904
  ],
  "stid": "576591972453269000",
  "stids": [{
      "movieId": 346629,
      "stid": "576591972453269000_a346629_c0"
    },
    {
      "movieId": 1207959,
      "stid": "576591972453269000_a1207959_c1"
    },
    {
      "movieId": 1254277,
      "stid": "576591972453269000_a1254277_c2"
    },
    {
      "movieId": 1219454,
      "stid": "576591972453269000_a1219454_c3"
    },
    {
      "movieId": 1233255,
      "stid": "576591972453269000_a1233255_c4"
    },
    {
      "movieId": 246061,
      "stid": "576591972453269000_a246061_c5"
    },
    {
      "movieId": 248172,
      "stid": "576591972453269000_a248172_c6"
    },
    {
      "movieId": 1218727,
      "stid": "576591972453269000_a1218727_c7"
    },
    {
      "movieId": 1229019,
      "stid": "576591972453269000_a1229019_c8"
    },
    {
      "movieId": 1229781,
      "stid": "576591972453269000_a1229781_c9"
    },
    {
      "movieId": 337625,
      "stid": "576591972453269000_a337625_c10"
    },
    {
      "movieId": 883196,
      "stid": "576591972453269000_a883196_c11"
    }
  ],
  "total": 70,
  "movieList": [{
      "id": 1207959,
      "haspromotionTag": false,
      "img": "http://p1.meituan.net/w.h/moviemachine/42ef79dd1d894b67dd57de383d753c03556009.jpg",
      "version": "v3d imax",
      "nm": "阿拉丁",
      "preShow": false,
      "sc": 0,
      "globalReleased": true,
      "wish": 48343,
      "star": "梅纳·玛索德,娜奥米·斯科特,马尔万·肯扎里",
      "rt": "2019-05-24",
      "showInfo": "今天216家影院放映2371场",
      "showst": 3,
      "wishst": 0
    },
    {
      "id": 1219454,
      "haspromotionTag": false,
      "img": "http://p1.meituan.net/w.h/movie/add2ab162d018ceb1351e6e8e465d92f650170.jpg",
      "version": "",
      "nm": "龙珠超：布罗利",
      "preShow": false,
      "sc": 0,
      "globalReleased": true,
      "wish": 67419,
      "star": "野泽雅子,堀川亮,中尾隆圣",
      "rt": "2019-05-24",
      "showInfo": "今天209家影院放映1407场",
      "showst": 3,
      "wishst": 0
    },
    {
      "id": 1233255,
      "haspromotionTag": false,
      "img": "http://p0.meituan.net/w.h/movie/3b15f9c8f980805b4977cae72a0f47601686013.jpg",
      "version": "v3d",
      "nm": "五月天人生无限公司",
      "preShow": false,
      "sc": 0,
      "globalReleased": true,
      "wish": 56616,
      "star": "温尚翊,石锦航,蔡升晏",
      "rt": "2019-05-24",
      "showInfo": "今天202家影院放映1399场",
      "showst": 3,
      "wishst": 0
    },
    {
      "id": 246061,
      "haspromotionTag": false,
      "img": "http://p0.meituan.net/w.h/movie/71fba05fbe4912cb70d27b87c3c856393364925.jpg",
      "version": "v3d imax",
      "nm": "哥斯拉2：怪兽之王",
      "preShow": true,
      "sc": 0,
      "globalReleased": false,
      "wish": 271946,
      "star": "凯尔·钱德勒,维拉·法梅加,米莉·波比·布朗",
      "rt": "2019-05-31",
      "showInfo": "今天1家影院放映1场",
      "showst": 4,
      "wishst": 0
    },
    {
      "id": 346629,
      "haspromotionTag": false,
      "img": "http://p0.meituan.net/w.h/movie/f29c0f9ff0340d00085f4bc1a395ecf02603950.jpg",
      "version": "v3d imax",
      "nm": "大侦探皮卡丘",
      "preShow": false,
      "sc": 8.5,
      "globalReleased": true,
      "wish": 280645,
      "star": "瑞安·雷诺兹,贾斯蒂斯·史密斯,凯瑟琳·纽顿",
      "rt": "2019-05-10",
      "showInfo": "今天201家影院放映1068场",
      "showst": 3,
      "wishst": 0
    },
    {
      "id": 1254277,
      "haspromotionTag": false,
      "img": "http://p1.meituan.net/w.h/movie/b76f37b5e3484b6837f75ef7b5bf46452066459.jpg",
      "version": "",
      "nm": "一条狗的使命2",
      "preShow": false,
      "sc": 9.3,
      "globalReleased": true,
      "wish": 42683,
      "star": "丹尼斯·奎德,凯瑟琳·普雷斯科特,刘宪华",
      "rt": "2019-05-17",
      "showInfo": "今天190家影院放映861场",
      "showst": 3,
      "wishst": 0
    },
    {
      "id": 1229019,
      "haspromotionTag": false,
      "img": "http://p0.meituan.net/w.h/movie/1498af0251cb5297b38847ae6c53ed982278746.jpg",
      "version": "",
      "nm": "云端之上",
      "preShow": false,
      "sc": 0,
      "globalReleased": true,
      "wish": 5624,
      "star": "艾萨·安哈尔,马拉维卡·莫哈南,哥泰·高斯",
      "rt": "2019-05-24",
      "showInfo": "今天170家影院放映683场",
      "showst": 3,
      "wishst": 0
    },
    {
      "id": 1229781,
      "haspromotionTag": false,
      "img": "http://p1.meituan.net/w.h/movie/8314e2b9ee860a1535da708854813d4a1573223.jpg",
      "version": "",
      "nm": "大大哒",
      "preShow": false,
      "sc": 0,
      "globalReleased": true,
      "wish": 5790,
      "star": "容璇雯,温慧茵,林宣妤",
      "rt": "2019-05-24",
      "showInfo": "今天129家影院放映505场",
      "showst": 3,
      "wishst": 0
    },
    {
      "id": 1226516,
      "haspromotionTag": false,
      "img": "http://p1.meituan.net/w.h/movie/06daf32301ff2fd54f6ffd59299d0326672524.jpg",
      "version": "",
      "nm": "哆啦A梦：大雄的月球探险记",
      "preShow": false,
      "sc": 0,
      "globalReleased": false,
      "wish": 27220,
      "star": "水田山葵,大原惠美,嘉数由美",
      "rt": "2019-06-01",
      "showInfo": "2019-06-01 下周六上映",
      "showst": 4,
      "wishst": 0
    },
    {
      "id": 344328,
      "haspromotionTag": false,
      "img": "http://p0.meituan.net/w.h/movie/47af2656af6cd0110057bc527b862c665484423.jpg",
      "version": "v3d imax",
      "nm": "X战警：黑凤凰",
      "preShow": false,
      "sc": 0,
      "globalReleased": false,
      "wish": 216028,
      "star": "苏菲·特纳,詹姆斯·麦卡沃伊,迈克尔·法斯宾德",
      "rt": "2019-06-06",
      "showInfo": "2019-06-06上映",
      "showst": 4,
      "wishst": 0
    },
    {
      "id": 1238891,
      "haspromotionTag": false,
      "img": "http://p0.meituan.net/w.h/movie/45cf921632a797019d284e02ff83da972935643.jpg",
      "version": "",
      "nm": "真爱百分百",
      "preShow": false,
      "sc": 0,
      "globalReleased": true,
      "wish": 3055,
      "star": "弗朗克·迪博斯克,亚历山德拉·拉米,热拉尔·达尔蒙",
      "rt": "2019-05-23",
      "showInfo": "今天71家影院放映216场",
      "showst": 3,
      "wishst": 0
    },
    {
      "id": 1218727,
      "haspromotionTag": false,
      "img": "http://p1.meituan.net/w.h/movie/d28b729ffe72353a72d1e7ef8a9b90591544978.jpg",
      "version": "",
      "nm": "何以为家",
      "preShow": false,
      "sc": 9.3,
      "globalReleased": true,
      "wish": 101827,
      "star": "赞恩·阿尔·拉菲亚,约丹诺斯·希费罗,博鲁瓦蒂夫·特雷杰·班科尔",
      "rt": "2019-04-29",
      "showInfo": "今天92家影院放映202场",
      "showst": 3,
      "wishst": 0
    },
    {
      "id": 1279730,
      "haspromotionTag": false,
      "img": "http://p0.meituan.net/w.h/movie/bff6f8fcd941d8a27da0b85472fe24b22702825.jpg",
      "version": "v3d",
      "nm": "潜艇总动员：外星宝贝计划",
      "preShow": true,
      "sc": 0,
      "globalReleased": false,
      "wish": 4832,
      "star": "范楚绒,洪海天,李晔",
      "rt": "2019-06-01",
      "showInfo": "2019-06-01 下周六上映",
      "showst": 4,
      "wishst": 0,
      "comingTitle": "6月1日 周六"
    },
    {
      "id": 1234382,
      "haspromotionTag": false,
      "img": "http://p1.meituan.net/w.h/movie/f540050eee0371a5720f86da572d0d136138553.jpg",
      "version": "",
      "nm": "周恩来回延安",
      "preShow": false,
      "sc": 0,
      "globalReleased": true,
      "wish": 4119,
      "star": "刘劲,唐国强,卢奇",
      "rt": "2019-05-15",
      "showInfo": "今天83家影院放映171场",
      "showst": 3,
      "wishst": 0,
      "comingTitle": "5月15日 周三"
    },
    {
      "id": 1205775,
      "haspromotionTag": false,
      "img": "http://p1.meituan.net/w.h/moviemachine/bde6cf7ab3e01299c6e0e675cfdd5899315687.jpg",
      "version": "",
      "nm": "邻座的怪同学",
      "preShow": false,
      "sc": 8.9,
      "globalReleased": true,
      "wish": 14685,
      "star": "菅田将晖,土屋太凤,古川雄辉",
      "rt": "2019-05-23",
      "showInfo": "今天62家影院放映125场",
      "showst": 3,
      "wishst": 0,
      "comingTitle": "5月23日 周四"
    },
    {
      "id": 1206829,
      "haspromotionTag": false,
      "img": "http://p1.meituan.net/w.h/movie/b88fe92134056eed2390d3f7009c18792940728.jpg",
      "version": "",
      "nm": "音乐家",
      "preShow": false,
      "sc": 0,
      "globalReleased": true,
      "wish": 4635,
      "star": "胡军,袁泉,别里克·艾特占诺夫",
      "rt": "2019-05-17",
      "showInfo": "今天58家影院放映108场",
      "showst": 3,
      "wishst": 0,
      "comingTitle": "5月17日 周五"
    },
    {
      "id": 883196,
      "haspromotionTag": false,
      "img": "http://p1.meituan.net/w.h/movie/d5bb2989f36ecd73543a095f62f878eb883035.jpg",
      "version": "",
      "nm": "一个母亲的复仇",
      "preShow": false,
      "sc": 9.3,
      "globalReleased": true,
      "wish": 52392,
      "star": "希里黛玉,阿克夏耶·坎纳,萨佳·阿里",
      "rt": "2019-05-10",
      "showInfo": "今天56家影院放映101场",
      "showst": 3,
      "wishst": 0,
      "comingTitle": "5月10日 周五"
    },
    {
      "id": 337625,
      "haspromotionTag": false,
      "img": "http://p0.meituan.net/w.h/movie/f2a32a5369a76ee11ee37947a0003254629750.jpg",
      "version": "",
      "nm": "海蒂和爷爷",
      "preShow": false,
      "sc": 9.6,
      "globalReleased": true,
      "wish": 16927,
      "star": "阿努克·斯特芬,布鲁诺·甘茨,昆林·艾格匹",
      "rt": "2019-05-16",
      "showInfo": "今天37家影院放映75场",
      "showst": 3,
      "wishst": 0,
      "comingTitle": "5月16日 周四"
    },
    {
      "id": 1278409,
      "haspromotionTag": false,
      "img": "http://p0.meituan.net/w.h/movie/3def2ad561cf58b6faeea87c5b284ed61592438.jpg",
      "version": "",
      "nm": "巧虎大飞船历险记",
      "preShow": true,
      "sc": 0,
      "globalReleased": false,
      "wish": 2969,
      "star": "李晔,沈达威,罗玉婷",
      "rt": "2019-06-01",
      "showInfo": "2019-06-01 下周六上映",
      "showst": 4,
      "wishst": 0,
      "comingTitle": "6月1日 周六"
    },
    {
      "id": 1225975,
      "haspromotionTag": false,
      "img": "http://p0.meituan.net/w.h/movie/bc4461838cb973bff816e78d08f8c1834934750.jpg",
      "version": "",
      "nm": "托马斯大电影之世界探险记",
      "preShow": false,
      "sc": 0,
      "globalReleased": false,
      "wish": 5546,
      "star": "蒂娜·德赛,约瑟夫·梅,泰莉莎·加拉赫",
      "rt": "2019-05-31",
      "showInfo": "2019-05-31 下周五上映",
      "showst": 4,
      "wishst": 0,
      "comingTitle": "5月31日 周五"
    },
    {
      "id": 342893,
      "haspromotionTag": false,
      "img": "http://p0.meituan.net/w.h/movie/35cd439c836bf2281bbd1e8eaeb8fdea3999459.jpg",
      "version": "",
      "nm": "进京城",
      "preShow": false,
      "sc": 9,
      "globalReleased": true,
      "wish": 13003,
      "star": "马伊琍,富大龙,马敬涵",
      "rt": "2019-05-10",
      "showInfo": "今天34家影院放映46场",
      "showst": 3,
      "wishst": 0,
      "comingTitle": "5月10日 周五"
    },
    {
      "id": 1239281,
      "haspromotionTag": false,
      "img": "http://p0.meituan.net/w.h/movie/00bbf436b98f1fb96b7d339f0dcb04e22595113.jpg",
      "version": "",
      "nm": "港珠澳大桥",
      "preShow": false,
      "sc": 9.2,
      "globalReleased": true,
      "wish": 38954,
      "rt": "2019-05-01",
      "showInfo": "今天24家影院放映41场",
      "showst": 3,
      "wishst": 0,
      "comingTitle": "5月1日 周三"
    }, {
      "id": 1233852,
      "haspromotionTag": false,
      "img": "http://p1.meituan.net/w.h/movie/d54a791bd3afa3832a40e3add8f10b8247282.jpg",
      "version": "",
      "nm": "午夜废墟",
      "preShow": false,
      "sc": 0,
      "globalReleased": true,
      "wish": 17543,
      "star": "张圣岳,常奕然,刘俊峰",
      "rt": "2019-05-24",
      "showInfo": "今天32家影院放映35场",
      "showst": 3,
      "wishst": 0,
      "comingTitle": "5月24日 周五"
    }, {
      "id": 1238976,
      "haspromotionTag": false,
      "img": "http://p1.meituan.net/w.h/movie/e68958f1cddbac97d30e1a8e13ea1d679227935.jpg",
      "version": "",
      "nm": "1931刺杀宋子文之谜",
      "preShow": false,
      "sc": 0,
      "globalReleased": true,
      "wish": 1271,
      "star": "张晓龙",
      "rt": "2019-05-24",
      "showInfo": "今天27家影院放映31场",
      "showst": 3,
      "wishst": 0,
      "comingTitle": "5月24日 周五"
    }, {
      "id": 445609,
      "haspromotionTag": false,
      "img": "http://p0.meituan.net/w.h/movie/3a99e82eb46c2f5da78b4c64d805f9b12425410.jpg",
      "version": "",
      "nm": "罗马",
      "preShow": false,
      "sc": 8.6,
      "globalReleased": true,
      "wish": 7566,
      "star": "雅利扎·阿巴里西奥,玛丽娜·德·塔维拉,迭戈·科蒂娜·奥特里",
      "rt": "2019-05-10",
      "showInfo": "今天22家影院放映29场",
      "showst": 3,
      "wishst": 0,
      "comingTitle": "5月10日 周五"
    }, {
      "id": 1238775,
      "haspromotionTag": false,
      "img": "http://p0.meituan.net/w.h/movie/85aab31749ebb1415186b5171cce6a9199555.jpg",
      "version": "",
      "nm": "特别追踪",
      "preShow": false,
      "sc": 6,
      "globalReleased": true,
      "wish": 0,
      "star": "周浩东,牛宝军,于心妍",
      "rt": "2018-09-19",
      "showInfo": "今天16家影院放映27场",
      "showst": 3,
      "wishst": 0,
      "comingTitle": "2018年9月19日 周三"
    }, {
      "id": 345621,
      "haspromotionTag": false,
      "img": "http://p0.meituan.net/w.h/moviemachine/07e846797e2c886084d4377822036e1a1464615.jpg",
      "version": "",
      "nm": "双生",
      "preShow": false,
      "sc": 6.5,
      "globalReleased": true,
      "wish": 164725,
      "star": "陈都灵,刘昊然,赵芮",
      "rt": "2019-05-18",
      "showInfo": "今天20家影院放映21场",
      "showst": 3,
      "wishst": 0,
      "comingTitle": "5月18日 周六"
    }, {
      "id": 887623,
      "haspromotionTag": false,
      "img": "http://p0.meituan.net/w.h/movie/c9c5e21d240aac40753fd4e0bec7a08d2790236.jpg",
      "version": "",
      "nm": "无所不能",
      "preShow": true,
      "sc": 0,
      "globalReleased": false,
      "wish": 5605,
      "star": "赫里尼克·罗斯汉,亚米·高塔姆,沙棘·乔杜里",
      "rt": "2019-06-05",
      "showInfo": "2019-06-05上映",
      "showst": 4,
      "wishst": 0,
      "comingTitle": "6月5日 周三"
    }, {
      "id": 1189894,
      "haspromotionTag": false,
      "img": "http://p0.meituan.net/w.h/movie/f07619ae66c11ef5e62cd81db1a5561a2646718.jpg",
      "version": "",
      "nm": "柔情史",
      "preShow": false,
      "sc": 0,
      "globalReleased": true,
      "wish": 1220,
      "star": "耐安,杨明明,李勤勤",
      "rt": "2019-05-17",
      "showInfo": "今天10家影院放映14场",
      "showst": 3,
      "wishst": 0,
      "comingTitle": "5月17日 周五"
    }, {
      "id": 1281621,
      "haspromotionTag": false,
      "img": "http://p1.meituan.net/w.h/moviemachine/34d43f0ebecf06004b032ce39dffdb7c30252691.jpg",
      "version": "",
      "nm": "花儿与歌声",
      "preShow": false,
      "sc": 0,
      "globalReleased": false,
      "wish": 2956,
      "star": "刘晨毅,曹一诺,王润泽",
      "rt": "2019-05-31",
      "showInfo": "2019-05-31 下周五上映",
      "showst": 4,
      "wishst": 0,
      "comingTitle": "5月31日 周五"
    }, {
      "id": 1217809,
      "haspromotionTag": false,
      "img": "http://p0.meituan.net/w.h/movie/506df49eabcdeb2b04472a34f94a803f4024943.jpg",
      "version": "",
      "nm": "企鹅公路",
      "preShow": false,
      "sc": 8.9,
      "globalReleased": true,
      "wish": 11794,
      "star": "苍井优,北香那,钉宫理惠",
      "rt": "2019-05-17",
      "showInfo": "今天7家影院放映10场",
      "showst": 3,
      "wishst": 0,
      "comingTitle": "5月17日 周五"
    }, {
      "id": 1239544,
      "haspromotionTag": false,
      "img": "http://p0.meituan.net/w.h/movie/29caaa1b66c95807a3f4d29b5b03644b1876102.jpg",
      "version": "",
      "nm": "调音师",
      "preShow": false,
      "sc": 9.1,
      "globalReleased": true,
      "wish": 14608,
      "star": "阿尤斯曼·库拉纳,塔布,拉迪卡·艾普特",
      "rt": "2019-04-03",
      "showInfo": "今天7家影院放映7场",
      "showst": 3,
      "wishst": 0,
      "comingTitle": "4月3日 周三"
    }
  ]
}
